{"current_epoch": 500, "training_losses": [1.1193791627883911, 0.7322489619255066, 0.6038951277732849, 0.5452154278755188, 0.47611913084983826, 0.4030444622039795, 0.3628781735897064, 0.35524192452430725, 0.3624129891395569, 0.3641061782836914, 0.36239707469940186, 0.34901878237724304, 0.35984376072883606, 0.3681177794933319, 0.3310154378414154, 0.3172619640827179, 0.31742262840270996, 0.34293609857559204, 0.32059386372566223, 0.3092891275882721, 0.33511003851890564, 0.3214598596096039, 0.35023626685142517, 0.3209317922592163, 0.3105447590351105, 0.3132619559764862, 0.3075033128261566, 0.3261263072490692, 0.4041210114955902, 0.41551899909973145, 0.3420437276363373, 0.3217094838619232, 0.2997591495513916, 0.30059823393821716, 0.3077492415904999, 0.3176880180835724, 0.28406065702438354, 0.3038766086101532, 0.30749455094337463, 0.3002030551433563, 0.3059854209423065, 0.29858139157295227, 0.28631001710891724, 0.29598698019981384, 0.2954413592815399, 0.29180312156677246, 0.29992222785949707, 0.25230976939201355, 0.2593974769115448, 0.2550142705440521, 0.2336517870426178, 0.24075575172901154, 0.22945363819599152, 0.20993080735206604, 0.2095109224319458, 0.2358284741640091, 0.21964669227600098, 0.2216852456331253, 0.214436873793602, 0.21873906254768372, 0.21793758869171143, 0.21483774483203888, 0.22645874321460724, 0.20295587182044983, 0.20921488106250763, 0.21260671317577362, 0.2093292474746704, 0.19905348122119904, 0.20880690217018127, 0.20086722075939178, 0.20378950238227844, 0.2102523148059845, 0.20137014985084534, 0.2037394791841507, 0.20378577709197998, 0.19196657836437225, 0.19717691838741302, 0.2069453001022339, 0.20723333954811096, 0.20400173962116241, 0.1940252035856247, 0.1848895251750946, 0.1787729114294052, 0.18812324106693268, 0.19803525507450104, 0.19228266179561615, 0.19520099461078644, 0.1625490039587021, 0.1609838604927063, 0.16278724372386932, 0.1570730060338974, 0.14262504875659943, 0.2024441957473755, 0.14848493039608002, 0.14883403480052948, 0.14824457466602325, 0.15804575383663177, 0.15711167454719543, 0.14845453202724457, 0.13792204856872559, 0.13632136583328247, 0.12503384053707123, 0.15273068845272064, 0.13232344388961792, 0.132627472281456, 0.1464412659406662, 0.14169955253601074, 0.13441850244998932, 0.14761079847812653, 0.13896982371807098, 0.14301945269107819, 0.13521850109100342, 0.1371629536151886, 0.14764975011348724, 0.12431275844573975, 0.12806515395641327, 0.13673017919063568, 0.13647346198558807, 0.13603781163692474, 0.13507144153118134, 0.1235380545258522, 0.1305064857006073, 0.11952713876962662, 0.12830714881420135, 0.1263141632080078, 0.1433534324169159, 0.1326741725206375, 0.13335980474948883, 0.13817040622234344, 0.13562969863414764, 0.13851307332515717, 0.13036535680294037, 0.115988589823246, 0.1304478794336319, 0.14308495819568634, 0.12744814157485962, 0.12305360287427902, 0.1172063872218132, 0.13293898105621338, 0.12732313573360443, 0.11847753822803497, 0.13650596141815186, 0.12594392895698547, 0.12969326972961426, 0.11970021575689316, 0.12456834316253662, 0.12343335151672363, 0.13179370760917664, 0.12124338001012802, 0.12937496602535248, 0.11984499543905258, 0.12094658613204956, 0.12345721572637558, 0.12556253373622894, 0.11512044817209244, 0.10795223712921143, 0.11861857026815414, 0.11853525787591934, 0.12205659598112106, 0.12422006577253342, 0.11340200155973434, 0.119761623442173, 0.12632575631141663, 0.12037397921085358, 0.11727571487426758, 0.1264656037092209, 0.11911888420581818, 0.12464334815740585, 0.12144162505865097, 0.11119178682565689, 0.1192547082901001, 0.12879347801208496, 0.11974553018808365, 0.13110385835170746, 0.1305447667837143, 0.11647170782089233, 0.11784227192401886, 0.13754284381866455, 0.11813749372959137, 0.1173374280333519, 0.10875284671783447, 0.12196201086044312, 0.11391273885965347, 0.13022516667842865, 0.11815126240253448, 0.10720014572143555, 0.12246769666671753, 0.11737934499979019, 0.12484832108020782, 0.12189190834760666, 0.1134699359536171, 0.11655323952436447, 0.11475415527820587, 0.11720192432403564, 0.11774120479822159, 0.1158200055360794, 0.12317242473363876, 0.10774611681699753, 0.11480295658111572, 0.11421554535627365, 0.13017618656158447, 0.11340117454528809, 0.11509529501199722, 0.13015130162239075, 0.10510196536779404, 0.10597372055053711, 0.11777382344007492, 0.11695623397827148, 0.10941046476364136, 0.11776602268218994, 0.10808592289686203, 0.11261767148971558, 0.11916545778512955, 0.13561108708381653, 0.10952205955982208, 0.10637762397527695, 0.10474026203155518, 0.11468273401260376, 0.11507010459899902, 0.1124960333108902, 0.10597051680088043, 0.10072147846221924, 0.10824725776910782, 0.10893253237009048, 0.11223696917295456, 0.11396931856870651, 0.11591795831918716, 0.11010946333408356, 0.12853656709194183, 0.11300814151763916, 0.11338793486356735, 0.10818441212177277, 0.1251683086156845, 0.11077689379453659, 0.11510125547647476, 0.09939911216497421, 0.11078198254108429, 0.11134099215269089, 0.11832410097122192, 0.09822780638933182, 0.1093716025352478, 0.10726650804281235, 0.11003793776035309, 0.10314375162124634, 0.11713240295648575, 0.10218026489019394, 0.101448655128479, 0.09752991050481796, 0.10172577202320099, 0.10176689922809601, 0.10287876427173615, 0.09939777106046677, 0.09713664650917053, 0.11067410558462143, 0.08920922130346298, 0.08140064030885696, 0.0978388786315918, 0.09475693851709366, 0.08988699316978455, 0.09862229973077774, 0.0927622839808464, 0.09037874639034271, 0.07858418673276901, 0.090708889067173, 0.08540399372577667, 0.10294049233198166, 0.08239518105983734, 0.08957789093255997, 0.08317656815052032, 0.08624504506587982, 0.0844799056649208, 0.08304276317358017, 0.07618997246026993, 0.07600802928209305, 0.07936656475067139, 0.08643820136785507, 0.0859663337469101, 0.07583697885274887, 0.08284103125333786, 0.07973158359527588, 0.07392208278179169, 0.08962804824113846, 0.07515483349561691, 0.09418446570634842, 0.08191608637571335, 0.08069507032632828, 0.07596882432699203, 0.08442988991737366, 0.07424506545066833, 0.08483660221099854, 0.08467750251293182, 0.08406682312488556, 0.08091386407613754, 0.06843789666891098, 0.07560384273529053, 0.08636578917503357, 0.0688086748123169, 0.07211504131555557, 0.08087175339460373, 0.07617384195327759, 0.07653667032718658, 0.06986617296934128, 0.07615527510643005, 0.08050594478845596, 0.0790257379412651, 0.08286697417497635, 0.08216576278209686, 0.08148812502622604, 0.07831960916519165, 0.07792025804519653, 0.07618331164121628, 0.08377998322248459, 0.09266888350248337, 0.07598889619112015, 0.07172291725873947, 0.07433149963617325, 0.07842712849378586, 0.07498010993003845, 0.07292699068784714, 0.08746036142110825, 0.07798979431390762, 0.08046633750200272, 0.08443794399499893, 0.07477941364049911, 0.07382425665855408, 0.07035397738218307, 0.08155188709497452, 0.06831346452236176, 0.08262621611356735, 0.07226624339818954, 0.0903700515627861, 0.06722511351108551, 0.06997375935316086, 0.07990031689405441, 0.0778142437338829, 0.0792190358042717, 0.0793842300772667, 0.074874646961689, 0.07124464213848114, 0.07684841006994247, 0.06805501133203506, 0.07337485998868942, 0.07974924892187119, 0.0772542953491211, 0.07677911221981049, 0.07627324014902115, 0.07911555469036102, 0.08918781578540802, 0.07246047258377075, 0.0703338012099266, 0.08011402934789658, 0.07290878146886826, 0.07138212770223618, 0.07793271541595459, 0.08023948222398758, 0.07423443347215652, 0.06955414265394211, 0.06775946170091629, 0.0757727175951004, 0.06995206326246262, 0.0692400336265564, 0.07315824925899506, 0.07336672395467758, 0.07683893293142319, 0.07909851521253586, 0.07145050168037415, 0.0663687139749527, 0.06598448753356934, 0.0714971274137497, 0.07273373007774353, 0.07166434079408646, 0.06756117194890976, 0.076749786734581, 0.06963162869215012, 0.08365324139595032, 0.07223107665777206, 0.08287966251373291, 0.09203995764255524, 0.06336446106433868, 0.07413078844547272, 0.0677444264292717, 0.06773152202367783, 0.07471913844347, 