{"current_epoch": 500, "training_losses": [1.0830888748168945, 0.719310462474823, 0.6115617752075195, 0.5430208444595337, 0.4646414816379547, 0.4329499900341034, 0.39441990852355957, 0.3890323042869568, 0.3650253713130951, 0.3519173562526703, 0.34785038232803345, 0.35345450043678284, 0.34417274594306946, 0.34506651759147644, 0.33538898825645447, 0.3312295377254486, 0.3063850998878479, 0.30331698060035706, 0.27920517325401306, 0.28065288066864014, 0.2771398723125458, 0.2647874057292938, 0.26191088557243347, 0.25605902075767517, 0.26160091161727905, 0.24921081960201263, 0.25059810280799866, 0.2502062916755676, 0.24415092170238495, 0.23861388862133026, 0.26111966371536255, 0.2341902256011963, 0.24048154056072235, 0.23817110061645508, 0.2390134632587433, 0.2512185573577881, 0.22349826991558075, 0.23811016976833344, 0.23461130261421204, 0.23181763291358948, 0.22501473128795624, 0.23930810391902924, 0.22518610954284668, 0.2466214895248413, 0.23377878963947296, 0.24450626969337463, 0.22902703285217285, 0.233418807387352, 0.24823735654354095, 0.22951245307922363, 0.2339988499879837, 0.23040328919887543, 0.2313029021024704, 0.24000973999500275, 0.24134407937526703, 0.22584091126918793, 0.2138887196779251, 0.20509426295757294, 0.22214780747890472, 0.2062961608171463, 0.22045743465423584, 0.1869174689054489, 0.20629547536373138, 0.17935626208782196, 0.17690077424049377, 0.20208974182605743, 0.18452297151088715, 0.19177031517028809, 0.17805121839046478, 0.18541637063026428, 0.18704886734485626, 0.17207664251327515, 0.17529378831386566, 0.17875811457633972, 0.16826468706130981, 0.18439500033855438, 0.1794191598892212, 0.19240228831768036, 0.1781940907239914, 0.18854184448719025, 0.1732267588376999, 0.16973142325878143, 0.16751310229301453, 0.1896628588438034, 0.18293622136116028, 0.1828998476266861, 0.17225800454616547, 0.19985394179821014, 0.17241601645946503, 0.17235726118087769, 0.17132864892482758, 0.1772785782814026, 0.16209827363491058, 0.15657436847686768, 0.195607528090477, 0.1852414458990097, 0.15542899072170258, 0.15952430665493011, 0.1747935563325882, 0.17573902010917664, 0.1797502338886261, 0.16232174634933472, 0.1562674641609192, 0.16026173532009125, 0.1797550618648529, 0.1639440804719925, 0.17678014934062958, 0.1661648005247116, 0.18391746282577515, 0.16670198738574982, 0.18425247073173523, 0.16231952607631683, 0.17151924967765808, 0.17610280215740204, 0.17441527545452118, 0.15799061954021454, 0.16297197341918945, 0.16314482688903809, 0.14647485315799713, 0.1856846809387207, 0.17648136615753174, 0.15235166251659393, 0.15111061930656433, 0.14946508407592773, 0.20875266194343567, 0.1515340358018875, 0.15030311048030853, 0.15447473526000977, 0.14834290742874146, 0.17913351953029633, 0.1703266203403473, 0.17062534391880035, 0.18379876017570496, 0.16714785993099213, 0.16822604835033417, 0.17205889523029327, 0.14054100215435028, 0.1551569104194641, 0.16573461890220642, 0.1666412204504013, 0.15559571981430054, 0.1520502120256424, 0.15782836079597473, 0.15574780106544495, 0.14985358715057373, 0.16391414403915405, 0.1673165261745453, 0.15301446616649628, 0.1467319130897522, 0.1434582769870758, 0.1522284597158432, 0.14462360739707947, 0.1610584259033203, 0.14770588278770447, 0.15374572575092316, 0.15528425574302673, 0.17226295173168182, 0.16369667649269104, 0.14882177114486694, 0.15957148373126984, 0.16431185603141785, 0.150999054312706, 0.15375255048274994, 0.1599988490343094, 0.15903262794017792, 0.1453706920146942, 0.1453036367893219, 0.15126800537109375, 0.1481815129518509, 0.15882866084575653, 0.15358151495456696, 0.15305744111537933, 0.14392858743667603, 0.15800358355045319, 0.1482277363538742, 0.16216042637825012, 0.14870841801166534, 0.16902993619441986, 0.1510045826435089, 0.16523157060146332, 0.14551572501659393, 0.16163523495197296, 0.140991672873497, 0.15244616568088531, 0.1487446278333664, 0.146394282579422, 0.14212028682231903, 0.1522841453552246, 0.14283673465251923, 0.1531505137681961, 0.16088604927062988, 0.15839746594429016, 0.14484518766403198, 0.14710858464241028, 0.15741050243377686, 0.1600482314825058, 0.15756665170192719, 0.165102019906044, 0.14682981371879578, 0.15391871333122253, 0.14654840528964996, 0.15237587690353394, 0.1623215526342392, 0.1387956142425537, 0.1518416404724121, 0.14171989262104034, 0.14894410967826843, 0.14392036199569702, 0.15823718905448914, 0.129690021276474, 0.13960884511470795, 0.13376465439796448, 0.12297316640615463, 0.14688865840435028, 0.12654000520706177, 0.13293856382369995, 0.1479126662015915, 0.15408846735954285, 0.14035014808177948, 0.13057594001293182, 0.13581080734729767, 0.13354085385799408, 0.11992575228214264, 0.12852850556373596, 0.1340586096048355, 0.15087610483169556, 0.13560383021831512, 0.12605322897434235, 0.1177389845252037, 0.12233950197696686, 0.12423165887594223, 0.1221284493803978, 0.13066820800304413, 0.12539683282375336, 0.12312328815460205, 0.12845690548419952, 0.13466154038906097, 0.12564866244792938, 0.12579655647277832, 0.12247581779956818, 0.13841691613197327, 0.11052842438220978, 0.11797946691513062, 0.12482793629169464, 0.12356497347354889, 0.12425453960895538, 0.13027459383010864, 0.1429615467786789, 0.12167205661535263, 0.13529375195503235, 0.12163436412811279, 0.12627793848514557, 0.1369195431470871, 0.11225588619709015, 0.12409289926290512, 0.12413493543863297, 0.12224804610013962, 0.12403666228055954, 0.11519899219274521, 0.11706560105085373, 0.12732382118701935, 0.12040034681558609, 0.12435849010944366, 0.12314864248037338, 0.1254255622625351, 0.11764303594827652, 0.11528197675943375, 0.11943884938955307, 0.13289466500282288, 0.11490442603826523, 0.14580415189266205, 0.11702408641576767, 0.11315684765577316, 0.12176425755023956, 0.1216939315199852, 0.1253451108932495, 0.12024455517530441, 0.11544927209615707, 0.12027858942747116, 0.11915748566389084, 0.1081627607345581, 0.1200561448931694, 0.11376582831144333, 0.1224060207605362, 0.11975353956222534, 0.11323072761297226, 0.11970021575689316, 0.11831879615783691, 0.1124560758471489, 0.12328362464904785, 0.11527848243713379, 0.11564862728118896, 0.12320518493652344, 0.11016012728214264, 0.11743009090423584, 0.12330158054828644, 0.11884911358356476, 0.11399409919977188, 0.10972429811954498, 0.12183593958616257, 0.11363424360752106, 0.11853685230016708, 0.109407439827919, 0.13355222344398499, 0.10963218659162521, 0.10664136707782745, 0.12259117513895035, 0.12340845912694931, 0.11765022575855255, 0.12898807227611542, 0.11210697889328003, 0.11843521893024445, 0.1309511810541153, 0.11675217002630234, 0.1302517056465149, 0.103892482817173, 0.11812026798725128, 0.11209852993488312, 0.11106753349304199, 0.11748889833688736, 0.11952979862689972, 0.12096124142408371, 0.12469174712896347, 0.11286952346563339, 0.11031543463468552, 0.11736271530389786, 0.1180422455072403, 0.1056419387459755, 0.10834961384534836, 0.1282443404197693, 0.11762326955795288, 0.11216838657855988, 0.10542209446430206, 0.12023594230413437, 0.11224096268415451, 0.11322800070047379, 0.12024422734975815, 0.11958201974630356, 0.11408406496047974, 0.10887239128351212, 0.11616604775190353, 0.12335856258869171, 0.10849355906248093, 0.12182945013046265, 0.11875724792480469, 0.10916373878717422, 0.11308246850967407, 0.11142617464065552, 0.11939778178930283, 0.12008810043334961, 0.1170029565691948, 0.11382728815078735, 0.10765784978866577, 0.12489044666290283, 0.1128213182091713, 0.11543599516153336, 0.11359687149524689, 0.10737890005111694, 0.11251373589038849, 0.11362657696008682, 0.12465109676122665, 0.11865750700235367, 0.10895223915576935, 0.1189531609416008, 0.11732684820890427, 0.1297972947359085, 0.11257249116897583, 0.11212023347616196, 0.13126246631145477, 0.12600849568843842, 0.10618600994348526, 0.12191884964704514, 0.1277196854352951, 0.11058606207370758, 0.1126120314002037, 0.10908245295286179, 0.11478197574615479, 0.11783941835165024, 0.11480885744094849, 0.11326508969068527, 0.12362786382436752, 0.11581823974847794, 0.12661640346050262, 