{"current_epoch": 500, "training_losses": [0.9269437789916992, 0.6271042227745056, 0.495169073343277, 0.38875776529312134, 0.37628450989723206, 0.3554958701133728, 0.3543863594532013, 0.32621246576309204, 0.34149378538131714, 0.31957751512527466, 0.3086342513561249, 0.31166496872901917, 0.2985016405582428, 0.28376659750938416, 0.2870485484600067, 0.2787036895751953, 0.26673823595046997, 0.25144538283348083, 0.23240461945533752, 0.22544872760772705, 0.21943974494934082, 0.21382728219032288, 0.19891218841075897, 0.2029484063386917, 0.19463299214839935, 0.19673924148082733, 0.19187679886817932, 0.17429319024085999, 0.18445251882076263, 0.18417714536190033, 0.18083851039409637, 0.185170978307724, 0.17183049023151398, 0.18379288911819458, 0.17828203737735748, 0.1821541041135788, 0.17965489625930786, 0.1726691722869873, 0.1688910573720932, 0.17511630058288574, 0.16717728972434998, 0.17878222465515137, 0.17798534035682678, 0.1708153933286667, 0.17154724895954132, 0.17201614379882812, 0.17253611981868744, 0.18200230598449707, 0.16805453598499298, 0.16146604716777802, 0.15626993775367737, 0.15666209161281586, 0.14894960820674896, 0.16341595351696014, 0.3440912067890167, 0.1745482087135315, 0.14329366385936737, 0.1361009180545807, 0.1460929960012436, 0.1345740109682083, 0.13159482181072235, 0.12464034557342529, 0.1240357980132103, 0.11411076039075851, 0.11531621217727661, 0.11000921577215195, 0.10409361124038696, 0.09994659572839737, 0.10754340142011642, 0.10062514990568161, 0.09138060361146927, 0.08720206469297409, 0.15449203550815582, 0.08919670432806015, 0.08890330791473389, 0.07871805876493454, 0.0723760575056076, 0.0761578232049942, 0.06283318996429443, 0.06275276094675064, 0.06830815970897675, 0.057889461517333984, 0.05595513805747032, 0.055090855807065964, 0.047602470964193344, 0.04924603924155235, 0.05270567536354065, 0.05336252599954605, 0.04550470411777496, 0.05387583374977112, 0.03782297670841217, 0.03815764561295509, 0.04147384315729141, 0.04332510754466057, 0.038239073008298874, 0.053018104285001755, 0.039832234382629395, 0.0359075628221035, 0.035452816635370255, 0.04178091883659363, 0.03595958277583122, 0.041367433965206146, 0.036133717745542526, 0.037013597786426544, 0.035259097814559937, 0.0324135385453701, 0.03646552190184593, 0.036768730729818344, 0.03363538160920143, 0.0367266982793808, 0.03158589079976082, 0.034838974475860596, 0.038121625781059265, 0.03703994303941727, 0.0382150337100029, 0.0349457822740078, 0.03895341604948044, 0.03759044408798218, 0.0327262319624424, 0.03118675760924816, 0.030188878998160362, 0.03315369412302971, 0.03052077256143093, 0.027279669418931007, 0.037031322717666626, 0.02719360589981079, 0.031258706003427505, 0.026162032037973404, 0.026864884421229362, 0.029981473460793495, 0.031481608748435974, 0.029825735837221146, 0.03122439980506897, 0.028518592938780785, 0.029930561780929565, 0.03347103297710419, 0.03277541324496269, 0.033920466899871826, 0.027472147718071938, 0.029948974028229713, 0.029488850384950638, 0.027989068999886513, 0.03455197438597679, 0.03208000957965851, 0.02735665813088417, 0.02755041792988777, 0.02445247583091259, 0.02460367977619171, 0.026355326175689697, 0.024601859971880913, 0.023371674120426178, 0.020498737692832947, 0.021904917433857918, 0.022650837898254395, 0.024929216131567955, 0.024488229304552078, 0.022056611254811287, 0.021278640255331993, 0.027722680941224098, 0.026846859604120255, 0.024605287238955498, 0.026691121980547905, 0.029149217531085014, 0.02214026264846325, 0.024044914171099663, 0.021474285051226616, 0.019041365012526512, 0.021187854930758476, 0.021067235618829727, 0.02317909337580204, 0.022074898704886436, 0.019141044467687607, 0.020036932080984116, 0.02467408776283264, 0.019642377272248268, 0.018091805279254913, 0.02393716759979725, 0.04719924181699753, 0.02179357223212719, 0.02020038291811943, 0.02071394771337509, 0.023650486022233963, 0.02333374135196209, 0.022963998839259148, 0.019525140523910522, 0.027369121089577675, 0.018771249800920486, 0.02555999532341957, 0.0230255089700222, 0.020570192486047745, 0.01836255192756653, 0.023684998974204063, 0.019558316096663475, 0.02189803682267666, 0.030788114294409752, 0.024557145312428474, 0.01838034950196743, 0.018453462049365044, 0.021084120497107506, 0.020711569115519524, 0.019263599067926407, 0.022272584959864616, 0.0192099642008543, 0.01586286351084709, 0.01974870264530182, 0.016503699123859406, 0.02121945284307003, 0.018631337210536003, 0.01695237308740616, 0.019774304702878, 0.018858490511775017, 0.01851983554661274, 0.022558262571692467, 0.019716283306479454, 0.017907802015542984, 0.022744297981262207, 0.0173009242862463, 0.01695740781724453, 0.01984991878271103, 0.01959444396197796, 0.017594974488019943, 0.013395479880273342, 0.020999519154429436, 0.01740737073123455, 0.023737747222185135, 0.016366953030228615, 0.015495270490646362, 0.0203610397875309, 0.01569066382944584, 0.014799624681472778, 0.014606661163270473, 0.017942752689123154, 0.01418855506926775, 0.013584746979176998, 0.016587646678090096, 0.014493107795715332, 0.015807045623660088, 0.01267687976360321, 0.01534845121204853, 0.01772339455783367, 0.022093404084444046, 0.013519689440727234, 0.01538895070552826, 0.015082542784512043, 0.014780938625335693, 0.018726615235209465, 0.014818096533417702, 0.015007682144641876, 0.017813226208090782, 0.01569671742618084, 0.015822885558009148, 0.01561389584094286, 0.01794387213885784, 0.013268713839352131, 0.016389118507504463, 0.01668117754161358, 0.013732883147895336, 0.015472409315407276, 0.016639258712530136, 0.01397407054901123, 0.012140331789851189, 0.012486137449741364, 0.015381517820060253, 0.020000651478767395, 0.01387045718729496, 0.01566874049603939, 0.011806202121078968, 0.01263914443552494, 0.014850134961307049, 0.01368384063243866, 0.014033389277756214, 0.01727915368974209, 0.013573396019637585, 0.015515311621129513, 0.012516279704868793, 0.012628006748855114, 0.017363576218485832, 0.01709476299583912, 0.011374483816325665, 0.01873023621737957, 0.012220880016684532, 0.013442582450807095, 0.011328078806400299, 0.011593840084969997, 0.01556436438113451, 0.01225671824067831, 0.011153139173984528, 0.011966091580688953, 0.01852329634130001, 0.017479313537478447, 0.01772879809141159, 0.017012516036629677, 0.011915764771401882, 0.012914559803903103, 0.01207662932574749, 0.011559659615159035, 0.012518239207565784, 0.01340958196669817, 0.013152617029845715, 0.011547060683369637, 0.012742719613015652, 0.016694417223334312, 0.010250192135572433, 0.013481917791068554, 0.011100339703261852, 0.01481043454259634, 0.012997955083847046, 0.013685871846973896, 0.012639963999390602, 0.02212102711200714, 0.012534256093204021, 0.011860729195177555, 0.015881089493632317, 0.014807305298745632, 0.010216276161372662, 0.011310407891869545, 0.015022595413029194, 0.013109746389091015, 0.013907996006309986, 0.011589821428060532, 0.013572582975029945, 0.009814240969717503, 0.00935456808656454, 0.012171781621873379, 0.011826238594949245, 0.013823642395436764, 0.010419688187539577, 0.012437178753316402, 0.011336627416312695, 0.010588133707642555, 0.020480958744883537, 0.011131137609481812, 0.013525544665753841, 0.011881007812917233, 0.0101956557482481, 0.009371436201035976, 0.010580387897789478, 0.011143120937049389, 0.011250353418290615, 0.009952761232852936, 0.009324113838374615, 0.010814251378178596, 0.009742031805217266, 0.011815625242888927, 0.010789809748530388, 0.011461167596280575, 0.01126764714717865, 0.008492323569953442, 0.010753796435892582, 0.010873033665120602, 0.010331817902624607, 0.009297475218772888, 0.009241021238267422, 0.011115804314613342, 0.010794397443532944, 0.011515035293996334, 0.009439635090529919, 0.00822258461266756, 0.010261003859341145, 0.010700514540076256, 0.010046753101050854, 0.008687978610396385, 0.009067624807357788, 0.013783380389213562, 0.011001132428646088, 0.011634129099547863, 0.008943426422774792, 0.009722132235765457, 0.008476047776639462, 0.011574828997254372, 0.011870112270116806, 