{"current_epoch": 500, "training_losses": [0.9000476002693176, 0.6326186656951904, 0.5092020034790039, 0.4534817636013031, 0.3716851770877838, 0.3354596793651581, 0.3142920434474945, 0.28924334049224854, 0.25274762511253357, 0.227791890501976, 0.23770157992839813, 0.22269809246063232, 0.21613426506519318, 0.20321448147296906, 0.20496900379657745, 0.19810473918914795, 0.20054887235164642, 0.19170735776424408, 0.183877095580101, 0.18352262675762177, 0.18224987387657166, 0.18054036796092987, 0.17596693336963654, 0.18189072608947754, 0.18543902039527893, 0.169977068901062, 0.17599621415138245, 0.17462454736232758, 0.18042416870594025, 0.1756245493888855, 0.16654033958911896, 0.16861368715763092, 0.16427622735500336, 0.1590173989534378, 0.15650947391986847, 0.15590865910053253, 0.1445043534040451, 0.14937371015548706, 0.15244536101818085, 0.1355101615190506, 0.13506920635700226, 0.13668683171272278, 0.13350453972816467, 0.13517563045024872, 0.1299409121274948, 0.1179586797952652, 0.12034263461828232, 0.11305844038724899, 0.11428498476743698, 0.1036769300699234, 0.09812648594379425, 0.09745653718709946, 0.09395565837621689, 0.08867176622152328, 0.09919684380292892, 0.09075918048620224, 0.08584808558225632, 0.08982772380113602, 0.08078081160783768, 0.08995030075311661, 0.08484435081481934, 0.08348285406827927, 0.0818612203001976, 0.08077200502157211, 0.07987906783819199, 0.07796880602836609, 0.08542194217443466, 0.08273084461688995, 0.08752569556236267, 0.08440780639648438, 0.07837340980768204, 0.07429545372724533, 0.07742156833410263, 0.07439906150102615, 0.07521335780620575, 0.07968907058238983, 0.07733365148305893, 0.07669413089752197, 0.07503771781921387, 0.07569750398397446, 0.07704102247953415, 0.07199209183454514, 0.07085494697093964, 0.07602642476558685, 0.07398724555969238, 0.0751480981707573, 0.0745198056101799, 0.06898310035467148, 0.07177943736314774, 0.07082164287567139, 0.07238101214170456, 0.08210407197475433, 0.06555341929197311, 0.07122772186994553, 0.06867945939302444, 0.06956415623426437, 0.07495980709791183, 0.07387533038854599, 0.07208945602178574, 0.06759107112884521, 0.07566265761852264, 0.07039681077003479, 0.07288812845945358, 0.06778263300657272, 0.06731270998716354, 0.06692523509263992, 0.0673464760184288, 0.06671435385942459, 0.06474556773900986, 0.06974416226148605, 0.06752299517393112, 0.07080727070569992, 0.0652625635266304, 0.06995073705911636, 0.07007064670324326, 0.06166117265820503, 0.06590737402439117, 0.07117101550102234, 0.0696001872420311, 0.07204138487577438, 0.06381628662347794, 0.06451062113046646, 0.062410395592451096, 0.07449481636285782, 0.06020526960492134, 0.06284159421920776, 0.06495368480682373, 0.06973063200712204, 0.062085121870040894, 0.06243893504142761, 0.06211986765265465, 0.06479231268167496, 0.06302090734243393, 0.0729004368185997, 0.06881046295166016, 0.0632302537560463, 0.06662459671497345, 0.06431634724140167, 0.07074032723903656, 0.0671762228012085, 0.06447592377662659, 0.06047480180859566, 0.06595102697610855, 0.06211448460817337, 0.05974230170249939, 0.06476400792598724, 0.06020777300000191, 0.06547409296035767, 0.06160883232951164, 0.06135935336351395, 0.06040242314338684, 0.06432558596134186, 0.061599284410476685, 0.06167197227478027, 0.06533432006835938, 0.06180625781416893, 0.06144490838050842, 0.0636933445930481, 0.059476014226675034, 0.05855604633688927, 0.06427197903394699, 0.06215108558535576, 0.06215180829167366, 0.06311745196580887, 0.061399538069963455, 0.05863475799560547, 0.06254042685031891, 0.061324089765548706, 0.0669584795832634, 0.06274086982011795, 0.058287836611270905, 0.06738205999135971, 0.05924336239695549, 0.06210126355290413, 0.05599747970700264, 0.06128653511404991, 0.061899054795503616, 0.057422835379838943, 0.05858006700873375, 0.06077708676457405, 0.056800466030836105, 0.06060396507382393, 0.05881911516189575, 0.06607777625322342, 0.05906707048416138, 0.05976498872041702, 0.060004204511642456, 0.060845792293548584, 0.056924689561128616, 0.05807944014668465, 0.05990320444107056, 0.06326204538345337, 0.06195320561528206, 0.05793260410428047, 0.05493823438882828, 0.05377513915300369, 0.06004047393798828, 0.057701658457517624, 0.057264309376478195, 0.060537487268447876, 0.053332697600126266, 0.05427466705441475, 0.05318011716008186, 0.05274190381169319, 0.04955907538533211, 0.050946008414030075, 0.050788432359695435, 0.0531800277531147, 0.04897686466574669, 0.04730890318751335, 0.04645860940217972, 0.04484579339623451, 0.050955381244421005, 0.04459026828408241, 0.04410187155008316, 0.04233737289905548, 0.044929903000593185, 0.042168449610471725, 0.047773327678442, 0.04490404203534126, 0.0409926176071167, 0.045400653034448624, 0.045453380793333054, 0.039547402411699295, 0.03950925171375275, 0.040434353053569794, 0.03627892583608627, 0.03418543562293053, 0.036243926733732224, 0.03435925394296646, 0.03217851370573044, 0.029466429725289345, 0.03116086684167385, 0.030042124912142754, 0.02660895697772503, 0.026258548721671104, 0.027508288621902466, 0.024737102910876274, 0.028729740530252457, 0.023978199809789658, 0.02695671282708645, 0.02999941073358059, 0.023083891719579697, 0.02344619296491146, 0.027939388528466225, 0.02152448333799839, 0.02146008424460888, 0.021835848689079285, 0.021371502429246902, 0.023490486666560173, 0.018861472606658936, 0.022976523265242577, 0.019335752353072166, 0.02059764973819256, 0.019917061552405357, 0.022912228479981422, 0.01991269737482071, 0.02218465320765972, 0.020339511334896088, 0.01933024264872074, 0.023969437927007675, 0.02007443830370903, 0.02126004360616207, 0.0559559166431427, 0.0179609265178442, 0.01935473270714283, 0.017730867490172386, 0.016601162031292915, 0.02014896273612976, 0.02184147946536541, 0.028250694274902344, 0.01724066399037838, 0.020139653235673904, 0.01601504534482956, 0.01902184635400772, 0.017768284305930138, 0.017880724743008614, 0.021337436512112617, 0.02114971913397312, 0.020046882331371307, 0.01977352425456047, 0.021619409322738647, 0.018989015370607376, 0.015310953371226788, 0.017572462558746338, 0.017401957884430885, 0.016648797318339348, 0.020436352118849754, 0.01711367629468441, 0.016952110454440117, 0.017632635310292244, 0.02042255736887455, 0.015385850332677364, 0.014428208582103252, 0.017906920984387398, 0.015578517690300941, 0.018432581797242165, 0.019066637381911278, 0.0172443687915802, 0.014533484354615211, 0.015243141911923885, 0.019859297201037407, 0.01647857576608658, 0.020066512748599052, 0.019633835181593895, 0.01632699929177761, 0.016995171085000038, 0.018267910927534103, 0.013164335861802101, 0.015104270540177822, 0.01620383746922016, 0.012652182951569557, 0.014985200949013233, 0.018719298765063286, 0.016902422532439232, 0.01609271578490734, 0.015329274348914623, 0.01674976944923401, 0.01728028431534767, 0.01591939851641655, 0.015552676282823086, 0.017296459525823593, 0.018095631152391434, 0.017014488577842712, 0.016250377520918846, 0.014725923538208008, 0.01991385780274868, 0.015128015540540218, 0.015747103840112686, 0.016752857714891434, 0.017087504267692566, 0.018883435055613518, 0.014447911642491817, 0.015048006549477577, 0.0159198809415102, 0.01534204464405775, 0.013085909187793732, 0.01475862693041563, 0.014729082584381104, 0.014317512512207031, 0.015101626515388489, 0.015350244008004665, 0.015348988585174084, 0.014647336676716805, 0.016351202502846718, 0.013286992907524109, 0.0136422635987401, 0.01602124609053135, 0.014819341711699963, 0.014719243161380291, 0.015551035292446613, 0.0164557546377182, 0.015750255435705185, 0.014745011925697327, 0.015263283625245094, 0.017827680334448814, 0.01756204292178154, 0.015769967809319496, 0.014733636751770973, 0.021555159240961075, 0.014784807339310646, 0.016253843903541565, 0.01339046098291874, 0.014065444469451904, 0.013892754912376404, 0.012103560380637646, 0.012934024445712566, 0.01568913273513317, 0.013624295592308044, 0.021774031221866608, 0.013942214660346508, 0.013718433678150177, 0.01319228857755661, 0.012917816638946533, 