{"current_epoch": 500, "training_losses": [1.1973780393600464, 0.683320939540863, 0.5621215105056763, 0.41609975695610046, 0.38567739725112915, 0.35134992003440857, 0.3477562367916107, 0.3322572112083435, 0.34229549765586853, 0.34032440185546875, 0.31899186968803406, 0.32592537999153137, 0.32984012365341187, 0.30531105399131775, 0.31026992201805115, 0.31033268570899963, 0.31343701481819153, 0.29130735993385315, 0.2969152331352234, 0.29762670397758484, 0.30313703417778015, 0.31289640069007874, 0.29427918791770935, 0.2962476909160614, 0.29451465606689453, 0.2826325297355652, 0.2963036000728607, 0.2826173007488251, 0.2933761775493622, 0.29454919695854187, 0.2927198112010956, 0.2833685874938965, 0.28820326924324036, 0.28833603858947754, 0.28022828698158264, 0.2727975845336914, 0.28199881315231323, 0.2933073937892914, 0.3014453649520874, 0.26898279786109924, 0.2732296288013458, 0.278362900018692, 0.26940155029296875, 0.2594216763973236, 0.24746496975421906, 0.2401060312986374, 0.23628179728984833, 0.23718135058879852, 0.21813316643238068, 0.2118256390094757, 0.20413415133953094, 0.2062857449054718, 0.20138418674468994, 0.19699996709823608, 0.19521954655647278, 0.185386061668396, 0.18363884091377258, 0.18299011886119843, 0.18833675980567932, 0.18032728135585785, 0.1766418069601059, 0.17288127541542053, 0.17422828078269958, 0.17089517414569855, 0.17653022706508636, 0.1817665696144104, 0.16700516641139984, 0.15818995237350464, 0.15792107582092285, 0.16939149796962738, 0.1606326550245285, 0.1540026217699051, 0.15347857773303986, 0.15963195264339447, 0.14971144497394562, 0.15557347238063812, 0.15175431966781616, 0.15767799317836761, 0.14832884073257446, 0.15696951746940613, 0.15077289938926697, 0.14825277030467987, 0.1498287171125412, 0.1494925171136856, 0.15296028554439545, 0.14676474034786224, 0.13545934855937958, 0.14093968272209167, 0.12426280975341797, 0.13365815579891205, 0.12200083583593369, 0.11951017379760742, 0.11154481023550034, 0.10549353808164597, 0.11400746554136276, 0.1058315560221672, 0.1030493900179863, 0.10184068977832794, 0.098171167075634, 0.10126858949661255, 0.10361643880605698, 0.09508221596479416, 0.09844160825014114, 0.09422823041677475, 0.09181562066078186, 0.0884920209646225, 0.09426306188106537, 0.09301065653562546, 0.10026165097951889, 0.09471635520458221, 0.08732226490974426, 0.08665098994970322, 0.09218823164701462, 0.09034252166748047, 0.09515270590782166, 0.09426543116569519, 0.08342240750789642, 0.09358303993940353, 0.09099065512418747, 0.08916378021240234, 0.0933472067117691, 0.09170372784137726, 0.0871715322136879, 0.08565105497837067, 0.09035484492778778, 0.0914805456995964, 0.08693543821573257, 0.09489971399307251, 0.08780869096517563, 0.09136657416820526, 0.0846153125166893, 0.08474336564540863, 0.0867592915892601, 0.08712973445653915, 0.0905410572886467, 0.0857006162405014, 0.08887186646461487, 0.08170195668935776, 0.08937782049179077, 0.08625282347202301, 0.08116961270570755, 0.081943579018116, 0.09034229815006256, 0.08343502879142761, 0.08589684218168259, 0.08586704730987549, 0.08104614913463593, 0.08954059332609177, 0.08689646422863007, 0.0827355906367302, 0.08264356851577759, 0.08216740936040878, 0.0817764475941658, 0.08489637821912766, 0.08540862053632736, 0.08538667857646942, 0.07980992645025253, 0.0792604312300682, 0.07973446696996689, 0.08081082999706268, 0.08130981028079987, 0.09146345406770706, 0.07705433666706085, 0.07852131128311157, 0.08041942864656448, 0.08053478598594666, 0.07812123000621796, 0.07929625362157822, 0.07597719877958298, 0.0802857056260109, 0.08063425123691559, 0.07989074289798737, 0.07832890748977661, 0.08350696414709091, 0.07718958705663681, 0.08547186851501465, 0.07849478721618652, 0.07776285707950592, 0.07989168912172318, 0.0808899775147438, 0.0771433636546135, 0.08376454561948776, 0.07789584249258041, 0.08130403608083725, 0.08437515050172806, 0.07715307921171188, 0.08432698994874954, 0.07600224018096924, 0.08546148985624313, 0.07934239506721497, 0.07789704203605652, 0.08641862124204636, 0.07559651136398315, 0.07856988906860352, 0.07716836780309677, 0.07477446645498276, 0.07569839805364609, 0.07567226141691208, 0.08170679956674576, 0.08567626774311066, 0.07590177655220032, 0.07886018604040146, 0.07502125948667526, 0.07634886354207993, 0.07591601461172104, 0.073989138007164, 0.07544281333684921, 0.07732097059488297, 0.07686101645231247, 0.08007029443979263, 0.07795221358537674, 0.07688941806554794, 0.07882141321897507, 0.07167760282754898, 0.07721864432096481, 0.07345344871282578, 0.06785524636507034, 0.06643445789813995, 0.07320044934749603, 0.07405819743871689, 0.06862318515777588, 0.06968575716018677, 0.0677652582526207, 0.07121188193559647, 0.06967679411172867, 0.06676925718784332, 0.06339801102876663, 0.07448010891675949, 0.06501784175634384, 0.06564277410507202, 0.0701148509979248, 0.07099335640668869, 0.06817779690027237, 0.06454149633646011, 0.05997998267412186, 0.059483516961336136, 0.061559807509183884, 0.05726156756281853, 0.06252676248550415, 0.06334761530160904, 0.07100152969360352, 0.057099055498838425, 0.06259726732969284, 0.06319023668766022, 0.06321843713521957, 0.059350837022066116, 0.05534767732024193, 0.05673934891819954, 0.05742281302809715, 0.06836216896772385, 0.05694395303726196, 0.05645686388015747, 0.05614522844552994, 0.05332864448428154, 0.0561947338283062, 0.054334767162799835, 0.05162222310900688, 0.05374455079436302, 0.05349927768111229, 0.05936015769839287, 0.054996710270643234, 0.0568656399846077, 0.05499446392059326, 0.05753903463482857, 0.0555410273373127, 0.04852492734789848, 0.05164039134979248, 0.05114906653761864, 0.05934865400195122, 0.05312901735305786, 0.0482979416847229, 0.05329880118370056, 0.052859824150800705, 0.04898780211806297, 0.048212166875600815, 0.04883105680346489, 0.05228089913725853, 0.04731537029147148, 0.048646971583366394, 0.04628010839223862, 0.045579805970191956, 0.047792501747608185, 0.04730308800935745, 0.04668620228767395, 0.049739621579647064, 0.043197017163038254, 0.039326783269643784, 0.04681310057640076, 0.04018710181117058, 0.04167042672634125, 0.04321904107928276, 0.04097354784607887, 0.03967945650219917, 0.04659969359636307, 0.037549253553152084, 0.04135217145085335, 0.040506649762392044, 0.04205426573753357, 0.04069296643137932, 0.03564133495092392, 0.03906139358878136, 0.03911677375435829, 0.03620796278119087, 0.035918544977903366, 0.038154274225234985, 0.03570995479822159, 0.04055292531847954, 0.03765806928277016, 0.03754317760467529, 0.044296424835920334, 0.04055929183959961, 0.04058706387877464, 0.0335586816072464, 0.034568291157484055, 0.03617347404360771, 0.03780030831694603, 0.041359059512615204, 0.03344515338540077, 0.04002527520060539, 0.033028677105903625, 0.03668107092380524, 0.03334799408912659, 0.03773324191570282, 0.03608033433556557, 0.036632418632507324, 0.033988211303949356, 0.03399951383471489, 0.03784559294581413, 0.03922123461961746, 0.038693882524967194, 0.033862803131341934, 0.036396175622940063, 0.03094767965376377, 0.03438948467373848, 0.039985235780477524, 0.031202619895339012, 0.03665030002593994, 0.03731453791260719, 0.03745308890938759, 0.03451566398143768, 0.0369797945022583, 0.053236573934555054, 0.03472074493765831, 0.03545236960053444, 0.04405839368700981, 0.035511184483766556, 0.033497363328933716, 0.03370625898241997, 0.034170906990766525, 0.033218517899513245, 0.030504895374178886, 0.03640654310584068, 0.035947076976299286, 0.034882016479969025, 0.032701607793569565, 0.03330808877944946, 0.03532641381025314, 0.034999143332242966, 0.02935924008488655, 0.03147061541676521, 0.03173397108912468, 0.037504926323890686, 0.03611638396978378, 0.02951672673225403, 0.031411416828632355, 0.032543838024139404, 0.03090963140130043, 0.03743284195661545, 0.033120233565568924, 0.032552506774663925, 0.029840661212801933, 0.04038214683532715, 0.031747233122587204, 0.030632460489869118, 0.033866073936223984, 0.03489172086119652, 0.03636522218585014, 0.03247048333287239, 0.03098682500422001, 