{"current_epoch": 500, "training_losses": [1.1278399229049683, 0.7352654337882996, 0.55548495054245, 0.4230676293373108, 0.42730680108070374, 0.37715354561805725, 0.3803820312023163, 0.3755217492580414, 0.3825902044773102, 0.3779517114162445, 0.40322962403297424, 0.3712691366672516, 0.39022430777549744, 0.3602384924888611, 0.3646445870399475, 0.37716391682624817, 0.34234651923179626, 0.3510453402996063, 0.3709937036037445, 0.42550572752952576, 0.414221853017807, 0.3405274450778961, 0.3373202979564667, 0.34921959042549133, 0.34498029947280884, 0.3434651792049408, 0.3434649705886841, 0.34754273295402527, 0.3478530943393707, 0.37426427006721497, 0.34539151191711426, 0.34278956055641174, 0.3278849124908447, 0.3405207097530365, 0.33047279715538025, 0.35033440589904785, 0.3337816298007965, 0.3283825218677521, 0.32970646023750305, 0.34004127979278564, 0.34036338329315186, 0.3218865394592285, 0.34723106026649475, 0.322366863489151, 0.3233564794063568, 0.32096540927886963, 0.31597521901130676, 0.3070636987686157, 0.2861200273036957, 0.2910463213920593, 0.32439348101615906, 0.28438398241996765, 0.2797783315181732, 0.26468273997306824, 0.26731595396995544, 0.26858779788017273, 0.27408698201179504, 0.2663075625896454, 0.2707934081554413, 0.25916194915771484, 0.2656618356704712, 0.24491508305072784, 0.2452881634235382, 0.2713925540447235, 0.2518768906593323, 0.27413293719291687, 0.25521308183670044, 0.25089848041534424, 0.2581506669521332, 0.26315435767173767, 0.2496458739042282, 0.25114867091178894, 0.26297807693481445, 0.25419947504997253, 0.27053433656692505, 0.2647027373313904, 0.25572216510772705, 0.24601125717163086, 0.24307389557361603, 0.24123485386371613, 0.23850467801094055, 0.24076734483242035, 0.2635946273803711, 0.24679291248321533, 0.25652143359184265, 0.25186410546302795, 0.23939576745033264, 0.24955609440803528, 0.25718751549720764, 0.23335681855678558, 0.23146462440490723, 0.23376984894275665, 0.23621180653572083, 0.20743289589881897, 0.2373424619436264, 0.20678336918354034, 0.2131662666797638, 0.1988188475370407, 0.20643667876720428, 0.21106545627117157, 0.20798902213573456, 0.20536886155605316, 0.2171488106250763, 0.20441339910030365, 0.2101593017578125, 0.20465266704559326, 0.21020463109016418, 0.17984886467456818, 0.20354917645454407, 0.20022164285182953, 0.19149565696716309, 0.20541052520275116, 0.2101159542798996, 0.18361155688762665, 0.19472496211528778, 0.18392114341259003, 0.2001544088125229, 0.20290489494800568, 0.18590711057186127, 0.19054624438285828, 0.19090421497821808, 0.1882525533437729, 0.19691739976406097, 0.1786937564611435, 0.2013561725616455, 0.19460652768611908, 0.18602155148983002, 0.17726640403270721, 0.18001993000507355, 0.18497274816036224, 0.1949932873249054, 0.19073688983917236, 0.17841804027557373, 0.19009554386138916, 0.18826626241207123, 0.19273070991039276, 0.18916141986846924, 0.1879722774028778, 0.1982821226119995, 0.1734449714422226, 0.18897268176078796, 0.19049909710884094, 0.1887330859899521, 0.1660977452993393, 0.17609423398971558, 0.16366873681545258, 0.19453845918178558, 0.15699465572834015, 0.17737619578838348, 0.16267964243888855, 0.16695259511470795, 0.16097454726696014, 0.17768707871437073, 0.16867096722126007, 0.15909813344478607, 0.16682469844818115, 0.16359344124794006, 0.1887553334236145, 0.19302204251289368, 0.16655410826206207, 0.1654849499464035, 0.17972739040851593, 0.16683034598827362, 0.1793903261423111, 0.17032386362552643, 0.16580501198768616, 0.15918156504631042, 0.16136252880096436, 0.15744102001190186, 0.16865235567092896, 0.1534266471862793, 0.16621209681034088, 0.16634050011634827, 0.15773093700408936, 0.1583821028470993, 0.1630300134420395, 0.15864627063274384, 0.16801433265209198, 0.17291437089443207, 0.15067057311534882, 0.14994372427463531, 0.1579594612121582, 0.14843328297138214, 0.16144578158855438, 0.15406475961208344, 0.15941393375396729, 0.1669682115316391, 0.15028022229671478, 0.16839562356472015, 0.1497281938791275, 0.1530766785144806, 0.16303353011608124, 0.15270255506038666, 0.1503903865814209, 0.17052029073238373, 0.1573021113872528, 0.1612619012594223, 0.15561789274215698, 0.16273167729377747, 0.1578059196472168, 0.14732982218265533, 0.17241722345352173, 0.1467362493276596, 0.17356187105178833, 0.14875774085521698, 0.1657712310552597, 0.17154544591903687, 0.14756178855895996, 0.15082786977291107, 0.14172005653381348, 0.15986265242099762, 0.1544571965932846, 0.14839410781860352, 0.14883388578891754, 0.1571587771177292, 0.15753106772899628, 0.14978308975696564, 0.14778898656368256, 0.1507134884595871, 0.14714859426021576, 0.14984335005283356, 0.15363667905330658, 0.16289299726486206, 0.14081834256649017, 0.1583402007818222, 0.1569710522890091, 0.16379770636558533, 0.1610410511493683, 0.14908333122730255, 0.14356286823749542, 0.1543109267950058, 0.1484755128622055, 0.15419721603393555, 0.15605215728282928, 0.15219585597515106, 0.1538577377796173, 0.1544279307126999, 0.15542881190776825, 0.15674257278442383, 0.14084990322589874, 0.1670711636543274, 0.15603165328502655, 0.15309204161167145, 0.15299955010414124, 0.1487102061510086, 0.14122919738292694, 0.14812365174293518, 0.1468004733324051, 0.14596135914325714, 0.14886866509914398, 0.16033880412578583, 0.15221662819385529, 0.1547112911939621, 0.1574922353029251, 0.15399542450904846, 0.14487162232398987, 0.14804287254810333, 0.1572796106338501, 0.1516922116279602, 0.15626192092895508, 0.1448563188314438, 0.14960329234600067, 0.1506616175174713, 0.15103493630886078, 0.15523897111415863, 0.1553775817155838, 0.15761597454547882, 0.14577701687812805, 0.15320861339569092, 0.1509704440832138, 0.14989395439624786, 0.14661189913749695, 0.15455572307109833, 0.14189599454402924, 0.14039088785648346, 0.14147749543190002, 0.1467999666929245, 0.14906519651412964, 0.16298750042915344, 0.1458147019147873, 0.1473180502653122, 0.14375324547290802, 0.15075670182704926, 0.14272186160087585, 0.14701078832149506, 0.149958997964859, 0.15240854024887085, 0.13830944895744324, 0.1430840939283371, 0.156342014670372, 0.1415119618177414, 0.15818913280963898, 0.14743958413600922, 0.14904792606830597, 0.1512354612350464, 0.14487837255001068, 0.14877569675445557, 0.14928492903709412, 0.15598081052303314, 0.14677999913692474, 0.14004114270210266, 0.1416473537683487, 0.14267167448997498, 0.14030282199382782, 0.1434430629014969, 0.15754060447216034, 0.1584548056125641, 0.14076243340969086, 0.1390089988708496, 0.13823051750659943, 0.15277600288391113, 0.15081600844860077, 0.14602285623550415, 0.1439966857433319, 0.15147826075553894, 0.13905295729637146, 0.15046696364879608, 0.13974294066429138, 0.1389504224061966, 0.16035911440849304, 0.13870364427566528, 0.13908222317695618, 0.15472093224525452, 0.1450962871313095, 0.1390238255262375, 0.15260739624500275, 0.14162419736385345, 0.14461663365364075, 0.13576804101467133, 0.1627659648656845, 0.1413099616765976, 0.14988401532173157, 0.1425899714231491, 0.14164039492607117, 0.1491789072751999, 0.1375717967748642, 0.15521901845932007, 0.1465156227350235, 0.1469787061214447, 0.15591473877429962, 0.1377885788679123, 0.1428612321615219, 0.14940737187862396, 0.1439727544784546, 0.1452680230140686, 0.14776325225830078, 0.145857572555542, 0.14736145734786987, 0.14552834630012512, 0.13977031409740448, 0.1421050727367401, 0.14993272721767426, 0.14638489484786987, 0.14319030940532684, 0.12787027657032013, 0.14522016048431396, 0.14602454006671906, 0.14718186855316162, 0.14474348723888397, 0.12916092574596405, 0.15306450426578522, 0.15407150983810425, 0.13633714616298676, 0.14840339124202728, 0.13834409415721893, 0.1623750627040863, 0.1390269249677658, 0.15142737329006195, 0.1479903906583786, 0.14140070974826813, 0.13859257102012634, 0.14330574870109558, 0.15061433613300323, 0.1420764923095703, 0.1407884657382965, 0.14228574931621552, 0.14676566421985626, 0.14384609460830688, 0.14414605498313904, 0.15330934524536133, 0.1342429369688034, 0.13948781788349152, 0.1418059915304184, 0.14935380220413208, 0.13660691678524017, 